group,draw,alpha,beta,min_h_f,min_h_r,effort,rear_buffer,rear_end,front_collision,clears_dmin
A,0.0,0.34629664396571924,0.19305933432986416,5.527617211305994,2.911641405046524,41.95543147104522,0.0,0.0,0.0,1.0
B,0.0,0.34629664396571924,0.19305933432986416,1.7065862487848733,0.8145110218800227,25.460840393159494,0.0,0.0,0.0,0.0
C,0.0,0.34629664396571924,0.19305933432986416,1.4495418088802268,1.1170431845164188,25.84312501877312,0.7289492385434203,0.0,0.0,1.0
D,0.0,0.34629664396571924,0.19305933432986416,1.4745269097663254,1.1045264731357634,25.7283208517892,0.5,0.0,0.0,1.0
A,1.0,0.23186691659574937,0.1590213142150343,5.24614213703947,2.079743532144505,42.0973008425278,0.0,0.0,0.0,1.0
B,1.0,0.23186691659574937,0.1590213142150343,1.7101240888733429,-2.099506216780057,26.54611278200614,0.0,1.0,0.0,0.0
C,1.0,0.23186691659574937,0.1590213142150343,1.4903298399953115,0.441215526488719,25.339443235226756,1.1124470767568653,0.0,0.0,0.0
D,1.0,0.23186691659574937,0.1590213142150343,2.153100096261724,0.9562582796016841,26.61233692263809,0.5,0.0,0.0,0.0
A,2.0,0.3801478859264523,0.2794743495861258,5.653339629221094,3.196161791811676,42.39068061353287,0.0,0.0,0.0,1.0
B,2.0,0.3801478859264523,0.2794743495861258,1.80458559371057,1.7710060887981314,25.75752084511836,0.0,0.0,0.0,1.0
C,2.0,0.3801478859264523,0.2794743495861258,6.728567355283715,2.225025919040405,37.32022838376658,0.9624889420503125,0.0,0.0,1.0
D,2.0,0.3801478859264523,0.2794743495861258,1.5110450070047818,1.7196341915589386,24.113678207694292,0.5,0.0,0.0,1.0
A,3.0,0.34047406894729854,0.2548443377962494,5.58593718298485,3.015219142379948,42.36243784293052,0.0,0.0,0.0,1.0
B,3.0,0.34047406894729854,0.2548443377962494,1.7365762651457146,1.2818458078447321,25.239437496709286,0.0,0.0,0.0,1.0
C,3.0,0.34047406894729854,0.2548443377962494,1.5582913364164455,1.494804301734419,25.421295478536287,0.7052736269741916,0.0,0.0,1.0
D,3.0,0.34047406894729854,0.2548443377962494,1.5034585312916278,1.3837925402737312,24.696939530716794,0.5,0.0,0.0,1.0
A,4.0,0.3283759983613612,0.2824737337570761,5.592568945014094,3.0237861604599914,42.60342000715919,0.0,0.0,0.0,1.0
B,4.0,0.3283759983613612,0.2824737337570761,1.7431315457979792,1.3707624332674584,25.131577051589492,0.0,0.0,0.0,1.0
C,4.0,0.3283759983613612,0.2824737337570761,1.5618288157895108,1.5649064327864721,25.24921370250147,0.7673989284737491,0.0,0.0,1.0
D,4.0,0.3283759983613612,0.2824737337570761,1.513440194865538,1.4346089678935527,24.305978144959532,0.5,0.0,0.0,1.0
A,5.0,0.3806438823913342,0.1571680544228679,5.52673755622186,2.952699405769195,41.63730325586717,0.0,0.0,0.0,1.0
B,5.0,0.3806438823913342,0.1571680544228679,1.6982092454780542,0.9225280064645034,25.556318610862572,0.0,0.0,0.0,0.0
C,5.0,0.3806438823913342,0.1571680544228679,6.800377236031721,2.0154550776881877,38.214362854806964,1.009903311873865,0.0,0.0,1.0
D,5.0,0.3806438823913342,0.1571680544228679,1.438610315843377,1.1810718722370126,25.819212902446044,0.5,0.0,0.0,1.0
A,6.0,0.38862162110481335,0.16131390132105441,5.5407504497835305,2.986040114316765,41.65310779183283,0.0,0.0,0.0,1.0
B,6.0,0.38862162110481335,0.16131390132105441,1.702375716968092,1.054543184833733,25.534087516025295,0.0,0.0,0.0,1.0
C,6.0,0.38862162110481335,0.16131390132105441,6.90519642828437,2.0261970960432194,38.30292490003915,1.0252308791350357,0.0,0.0,1.0
D,6.0,0.38862162110481335,0.16131390132105441,1.4375317780411478,1.2575267298557833,25.630738018572515,0.5,0.0,0.0,1.0
A,7.0,0.3640938457145493,0.18040811540898394,5.5339235691264435,2.9492825646721883,41.84504321044699,0.0,0.0,0.0,1.0
B,7.0,0.3640938457145493,0.18040811540898394,1.7065798731239852,0.9242977639965915,25.46587108062205,0.0,0.0,0.0,0.0
C,7.0,0.3640938457145493,0.18040811540898394,3.230985263771103,2.200700635226738,31.789765199793294,0.8507429212222614,0.0,0.0,1.0
D,7.0,0.3640938457145493,0.18040811540898394,1.4599459800800219,1.1762646524774851,25.698712331320294,0.5,0.0,0.0,1.0
A,8.0,0.38973035309117826,0.22957238800147794,5.617385645553895,3.1316142456203693,42.06112686150032,0.0,0.0,0.0,1.0
B,8.0,0.38973035309117826,0.22957238800147794,1.7609473034896297,1.5572274470140144,25.673185004449273,0.0,0.0,0.0,1.0
C,8.0,0.38973035309117826,0.22957238800147794,1.6120748455202403,1.7357927037456875,25.523240619179525,0.8012109643706248,0.0,0.0,1.0
D,8.0,0.38973035309117826,0.22957238800147794,1.4815120817176677,1.572322506310627,24.50931733900832,0.5,0.0,0.0,1.0
A,9.0,0.28154468298317786,0.2136091625289653,5.444886584761818,2.6299016226616345,42.32492859079264,0.0,0.0,0.0,1.0
B,9.0,0.28154468298317786,0.2136091625289653,1.685783771901086,0.03930878858413678,25.58784469999914,0.0,0.0,0.0,0.0
C,9.0,0.28154468298317786,0.2136091625289653,1.3251149675713236,0.43651823650591837,25.697346931558236,0.6953846179514274,0.0,0.0,0.0
D,9.0,0.28154468298317786,0.2136091625289653,1.5036824489104106,0.5887021949068441,26.141892254635366,0.5,0.0,0.0,0.0
A,10.0,0.22943737685992888,0.1735036723615414,5.2687009228326644,2.0870860656919206,42.245258813401406,0.0,0.0,0.0,1.0
B,10.0,0.22943737685992888,0.1735036723615414,1.6951086894973315,-1.8704571616231078,26.291479168105447,0.0,1.0,0.0,0.0
C,10.0,0.22943737685992888,0.1735036723615414,1.501905179773189,0.5122351217602557,25.23404984172149,1.0642358031141188,0.0,0.0,0.0
D,10.0,0.22943737685992888,0.1735036723615414,2.149700239625048,1.0059721989646278,26.444076146183505,0.5,0.0,0.0,1.0
A,11.0,0.35275988762117705,0.2437822703555792,5.590932089118283,3.038607751229904,42.25587151477086,0.0,0.0,0.0,1.0
B,11.0,0.35275988762117705,0.2437822703555792,1.7397124087511173,1.3219530220735578,25.354152005623636,0.0,0.0,0.0,1.0
C,11.0,0.35275988762117705,0.2437822703555792,1.5669193984537912,1.5291208689348395,25.48022307985209,0.710168631907025,0.0,0.0,1.0
D,11.0,0.35275988762117705,0.2437822703555792,1.4962451969860666,1.4121967855817985,24.709931545180638,0.5,0.0,0.0,1.0
A,12.0,0.34215394140440075,0.20836626329279714,5.539790350663367,2.926144907103634,42.070072834398104,0.0,0.0,0.0,1.0
B,12.0,0.34215394140440075,0.20836626329279714,1.7110255137015145,0.9069661362916293,25.322227334279276,0.0,0.0,0.0,0.0
C,12.0,0.34215394140440075,0.20836626329279714,1.4875775301315883,1.187534162246223,25.726123100658953,0.6511507124464144,0.0,0.0,1.0
D,12.0,0.34215394140440075,0.20836626329279714,1.4830521647665051,1.1543762978527212,25.532851458219987,0.5,0.0,0.0,1.0
A,13.0,0.41546430767152853,0.2886242695315253,5.6957711436695035,3.304454475003226,42.32912562775721,0.0,0.0,0.0,1.0
B,13.0,0.41546430767152853,0.2886242695315253,1.8611234239091772,2.0101960814105837,26.20943370761307,0.0,0.0,0.0,1.0
C,13.0,0.41546430767152853,0.2886242695315253,7.341721380134771,2.337370556659181,37.90013532296716,1.1403543088122152,0.0,0.0,1.0
D,13.0,0.41546430767152853,0.2886242695315253,1.515769884932169,1.8877926866196617,23.971720377984994,0.5,0.0,0.0,1.0
A,14.0,0.3556240610202934,0.24422172673039452,5.595837784255863,3.050049118231314,42.24335210135524,0.0,0.0,0.0,1.0
B,14.0,0.3556240610202934,0.24422172673039452,1.7426696939647428,1.3533884976148727,25.383805068292904,0.0,0.0,0.0,1.0
C,14.0,0.3556240610202934,0.24422172673039452,1.5719971866241451,1.555982591456683,25.470248947121608,0.7233831510027517,0.0,0.0,1.0
D,14.0,0.3556240610202934,0.24422172673039452,1.4961380896408514,1.4335594947621928,24.646195743930985,0.5,0.0,0.0,1.0
A,15.0,0.3561817722696205,0.20907103938279153,5.557025123768767,2.9811740082553797,42.01677090118207,0.0,0.0,0.0,1.0
B,15.0,0.3561817722696205,0.20907103938279153,1.7187208527476656,1.082147888113866,25.36523599596377,0.0,0.0,0.0,1.0
C,15.0,0.3561817722696205,0.20907103938279153,1.5093564545562401,1.3366169659659022,25.72960427768288,0.7044429315473159,0.0,0.0,1.0
D,15.0,0.3561817722696205,0.20907103938279153,1.4790363714773918,1.2662984342017864,25.338211425719102,0.5,0.0,0.0,1.0
A,16.0,0.24993852896430294,0.2537680329220846,5.421697899358918,2.497028016255456,42.807964700630386,0.0,0.0,0.0,1.0
B,16.0,0.24993852896430294,0.2537680329220846,1.653168476251352,-0.04322979521404591,25.07374607316583,0.0,1.0,0.0,0.0
C,16.0,0.24993852896430294,0.2537680329220846,1.998826233765783,1.8386324358305188,25.320325619946065,0.8993180158311267,0.0,0.0,1.0
D,16.0,0.24993852896430294,0.2537680329220846,1.502699452260785,0.4648857116646212,25.7494440436922,0.5,0.0,0.0,0.0
A,17.0,0.32486802991533936,0.19849650807512365,5.5009072772027,2.8320563756492447,42.06340035171869,0.0,0.0,0.0,1.0
B,17.0,0.32486802991533936,0.19849650807512365,1.7004801108706147,0.568754475568042,25.5285366435863,0.0,0.0,0.0,0.0
C,17.0,0.32486802991533936,0.19849650807512365,1.4343732614162974,0.9067581810569294,25.80783207541167,0.6214860873608629,0.0,0.0,0.0
D,17.0,0.32486802991533936,0.19849650807512365,1.4855312301104107,0.9492186715786346,25.89556103371821,0.5,0.0,0.0,0.0
A,18.0,0.31728038889570354,0.27634716493650563,5.570330151961883,2.963867952465847,42.6031955826538,0.0,0.0,0.0,1.0
B,18.0,0.31728038889570354,0.27634716493650563,1.725918704553692,1.208093087263265,24.988118767900602,0.0,0.0,0.0,1.0
C,18.0,0.31728038889570354,0.27634716493650563,1.529249001114323,1.4237956576124589,25.265468327863722,0.7202671041632084,0.0,0.0,1.0
D,18.0,0.31728038889570354,0.27634716493650563,1.5118606506093357,1.3234298649545764,24.62643018808467,0.5,0.0,0.0,1.0
A,19.0,0.4033363550636,0.20488767443769904,5.604335896618565,3.121383352102356,41.884986830318645,0.0,0.0,0.0,1.0
B,19.0,0.4033363550636,0.20488767443769904,1.7480526137788388,1.5197235340559558,25.726967499999297,0.0,0.0,0.0,1.0
C,19.0,0.4033363550636,0.20488767443769904,6.436267163948443,2.269546364151452,37.56112546918762,0.9097947225036038,0.0,0.0,1.0
D,19.0,0.4033363550636,0.20488767443769904,1.4632617678157231,1.545161361178259,24.654698914668785,0.5,0.0,0.0,1.0
A,20.0,0.3337337275001141,0.20005924616060664,5.517985832818312,2.875298015726969,42.033096205176776,0.0,0.0,0.0,1.0
B,20.0,0.3337337275001141,0.20005924616060664,1.7037698785592,0.7127281637209251,25.450385316723562,0.0,0.0,0.0,0.0
C,20.0,0.3337337275001141,0.20005924616060664,1.4517666173030364,1.02711078253175,25.769273811485917,0.6506979253580298,0.0,0.0,1.0
D,20.0,0.3337337275001141,0.20005924616060664,1.482260509468631,1.0373541109029247,25.78081492452371,0.5,0.0,0.0,1.0
A,21.0,0.3381056057983418,0.2022152687081587,5.527353579561577,2.8976286688321267,42.03823747633973,0.0,0.0,0.0,1.0
B,21.0,0.3381056057983418,0.2022152687081587,1.7067228167298794,0.7948328819378503,25.406529527917986,0.0,0.0,0.0,0.0
C,21.0,0.3381056057983418,0.2022152687081587,1.4642076394247852,1.095480345779663,25.756662340134756,0.6595613483607324,0.0,0.0,1.0
D,21.0,0.3381056057983418,0.2022152687081587,1.481360779296196,1.0866281804386375,25.692550456679125,0.5,0.0,0.0,1.0
A,22.0,0.29919084810140695,0.2764528729094441,5.542456703830851,2.876638000667242,42.6856222899611,0.0,0.0,0.0,1.0
B,22.0,0.29919084810140695,0.2764528729094441,1.7050285796920122,0.9974361289986007,24.752404425041124,0.0,0.0,0.0,0.0
C,22.0,0.29919084810140695,0.2764528729094441,1.4568470118477421,1.2416169825932002,25.245711653322047,0.7930480992321486,0.0,0.0,1.0
D,22.0,0.29919084810140695,0.2764528729094441,1.5109109713229145,1.1743832148728188,24.851008380256232,0.5,0.0,0.0,1.0
A,23.0,0.2676142579584089,0.24055635224580413,5.450208181076647,2.599973128305976,42.60365706159371,0.0,0.0,0.0,1.0
B,23.0,0.2676142579584089,0.24055635224580413,1.671968908330058,0.12906944452021207,25.25019824175147,0.0,0.0,0.0,0.0
C,23.0,0.2676142579584089,0.24055635224580413,1.3038290601179767,0.4934215899650951,25.44461228068026,0.775768377149581,0.0,0.0,0.0
D,23.0,0.2676142579584089,0.24055635224580413,1.5070974349523425,0.6081877861005722,25.825194490597053,0.5,0.0,0.0,0.0
A,24.0,0.24013094596781787,0.2687073734446167,5.410370759815578,2.4534642604363484,42.9785589149436,0.0,0.0,0.0,1.0
B,24.0,0.24013094596781787,0.2687073734446167,1.6375412669103468,-0.052919286038616065,24.851428312353125,0.0,1.0,0.0,0.0
C,24.0,0.24013094596781787,0.2687073734446167,2.117473515950948,2.0144659067488817,25.996360500128453,0.9983057099071954,0.0,0.0,1.0
D,24.0,0.24013094596781787,0.2687073734446167,1.496046413880208,0.4316551835545255,25.53784566556648,0.5,0.0,0.0,0.0
A,25.0,0.37512287503782726,0.18897125313825278,5.5577285618059165,3.005118130629583,41.85404074522794,0.0,0.0,0.0,1.0
B,25.0,0.37512287503782726,0.18897125313825278,1.7151478042869002,1.1281702364718313,25.48300635940552,0.0,0.0,0.0,1.0
C,25.0,0.37512287503782726,0.18897125313825278,6.159603637197179,2.0217198448151663,37.27872956004847,0.8606064875982979,0.0,0.0,1.0
D,25.0,0.37512287503782726,0.18897125313825278,1.4612079600826036,1.3004183664089766,25.39162466141537,0.5,0.0,0.0,1.0
A,26.0,0.3922849723156552,0.16467154387781813,5.5498373925429405,3.0061330195555342,41.680047219322354,0.0,0.0,0.0,1.0
B,26.0,0.3922849723156552,0.16467154387781813,1.7052642294059268,1.1245049387702863,25.558282283412794,0.0,0.0,0.0,1.0
C,26.0,0.3922849723156552,0.16467154387781813,6.931658343056682,2.0362819412140567,38.30312635481615,1.0264537137513483,0.0,0.0,1.0
D,26.0,0.3922849723156552,0.16467154387781813,1.4392568444076375,1.3009356108407246,25.523144604168284,0.5,0.0,0.0,1.0
A,27.0,0.2885344756247668,0.17699756035066638,5.407078248445259,2.5921395249993395,42.02942767533993,0.0,0.0,0.0,1.0
B,27.0,0.2885344756247668,0.17699756035066638,1.6950396818092202,-0.3405704197477206,26.025700136942447,0.0,1.0,0.0,0.0
C,27.0,0.2885344756247668,0.17699756035066638,1.281927288886493,0.19966448902260936,26.1175817600374,0.8138718560982673,0.0,0.0,0.0
D,27.0,0.2885344756247668,0.17699756035066638,2.2516773864306714,1.845219970625294,26.498202005461696,0.5,0.0,0.0,1.0
A,28.0,0.3104651583966631,0.26382598192661233,5.549707730475276,2.9047669690303763,42.53882211415737,0.0,0.0,0.0,1.0
B,28.0,0.3104651583966631,0.26382598192661233,1.7120365320237738,1.0216922391101235,24.900250513080852,0.0,0.0,0.0,1.0
C,28.0,0.3104651583966631,0.26382598192661233,1.4930410319897902,1.2679283551413931,25.32800243164744,0.6974432941197969,0.0,0.0,1.0
D,28.0,0.3104651583966631,0.26382598192661233,1.5091294430522169,1.2010136629949812,24.969763426621654,0.5,0.0,0.0,1.0
A,29.0,0.2682833041267995,0.16379166286305666,5.343587058705893,2.424973641950345,42.0000313314906,0.0,0.0,0.0,1.0
B,29.0,0.2682833041267995,0.16379166286305666,1.7013185177733021,-1.0056593212319456,26.257450975806446,0.0,1.0,0.0,0.0
C,29.0,0.2682833041267995,0.16379166286305666,1.7017327093984136,1.1853081249737158,25.44575188647033,0.9477001320405753,0.0,0.0,1.0
D,29.0,0.2682833041267995,0.16379166286305666,2.252933090325257,1.6046191153588012,26.514410364995662,0.5,0.0,0.0,1.0
A,30.0,0.30167395324573343,0.18348015318204391,5.443933291312391,2.6843722337097944,42.017708779325936,0.0,0.0,0.0,1.0
B,30.0,0.30167395324573343,0.18348015318204391,1.6944084775712867,0.0028536959449354526,25.88333172935113,0.0,0.0,0.0,0.0
C,30.0,0.30167395324573343,0.18348015318204391,1.328518511368074,0.44744043774294084,25.98612809110627,0.7353835742888907,0.0,0.0,0.0
D,30.0,0.30167395324573343,0.18348015318204391,2.1654456643560422,1.8545682180968868,26.206792323602173,0.5,0.0,0.0,1.0
A,31.0,0.24142458475887138,0.23479667267663273,5.386218763196226,2.372623241169208,42.71590145108314,0.0,0.0,0.0,1.0
B,31.0,0.24142458475887138,0.23479667267663273,1.6541694228659622,-0.48907868515192376,25.306605341437844,0.0,1.0,0.0,0.0
C,31.0,0.24142458475887138,0.23479667267663273,1.2053588972401883,0.00022677600979648105,25.528665612216987,0.8574883516710454,0.0,0.0,0.0
D,31.0,0.24142458475887138,0.23479667267663273,1.5055143311916623,0.1912578524134858,26.1957503335729,0.5,0.0,0.0,0.0
A,32.0,0.28134965750123314,0.2471161115973347,5.482442913693376,2.707085584035525,42.58671507340654,0.0,0.0,0.0,1.0
B,32.0,0.28134965750123314,0.2471161115973347,1.6824632652609637,0.44530625491141507,25.109901839770753,0.0,0.0,0.0,0.0
C,32.0,0.28134965750123314,0.2471161115973347,1.3649788764747797,0.7692393668861541,25.42301265320508,0.7470658163844063,0.0,0.0,0.0
D,32.0,0.28134965750123314,0.2471161115973347,1.5077261907278086,0.8179149419102458,25.573234775285865,0.5,0.0,0.0,0.0
A,33.0,0.26230696524189695,0.2834200020520733,5.4701240521874865,2.66881679916861,42.93706324625148,0.0,0.0,0.0,1.0
B,33.0,0.26230696524189695,0.2834200020520733,1.662051809733029,0.5356958660084956,24.64527660879731,0.0,0.0,0.0,0.0
C,33.0,0.26230696524189695,0.2834200020520733,2.688142601830208,2.068207513948991,28.543388259775128,0.9684521472407054,0.0,0.0,1.0
D,33.0,0.26230696524189695,0.2834200020520733,1.5027788914061802,0.835924197090705,25.071476903369135,0.5,0.0,0.0,0.0
A,34.0,0.2941011523030071,0.17097856557423885,5.410079853675214,2.6132519030904575,41.965068660893884,0.0,0.0,0.0,1.0
B,34.0,0.2941011523030071,0.17097856557423885,1.6962253203540172,-0.3183300476245279,26.082119995948798,0.0,1.0,0.0,0.0
C,34.0,0.2941011523030071,0.17097856557423885,1.8373991698195198,1.5535861393841799,25.51974831195517,0.8156811284910163,0.0,0.0,1.0
D,34.0,0.2941011523030071,0.17097856557423885,2.2291766614957567,1.8363166184018809,26.47967737312186,0.5,0.0,0.0,1.0
A,35.0,0.3447887650956242,0.2814095719323214,5.612298059427005,3.0855342431325568,42.50751157740453,0.0,0.0,0.0,1.0
B,35.0,0.3447887650956242,0.2814095719323214,1.7625633343283482,1.5135762041831242,25.32122339970687,0.0,0.0,0.0,1.0
C,35.0,0.3447887650956242,0.2814095719323214,1.5912795479106876,1.690627910846942,25.305741638540646,0.8287933481117823,0.0,0.0,1.0
D,35.0,0.3447887650956242,0.2814095719323214,1.5125113519242461,1.5361264774549142,24.18878901004718,0.5,0.0,0.0,1.0
A,36.0,0.3085524137054305,0.2850969623520351,5.564466645655102,2.942503391413169,42.69578757554502,0.0,0.0,0.0,1.0
B,36.0,0.3085524137054305,0.2850969623520351,1.719338447393426,1.1823795519746199,24.875298957011104,0.0,0.0,0.0,1.0
C,36.0,0.3085524137054305,0.2850969623520351,1.501650389671397,1.4024649093375672,25.214438682023893,0.7901781945864182,0.0,0.0,1.0
D,36.0,0.3085524137054305,0.2850969623520351,1.5129930846152178,1.3003459176567418,24.569779234165832,0.5,0.0,0.0,1.0
A,37.0,0.31997999622802825,0.21395072717971575,5.514011528495672,2.842784096152556,42.2016702363504,0.0,0.0,0.0,1.0
B,37.0,0.31997999622802825,0.21395072717971575,1.7021427545176095,0.6637510594513714,25.37057705332524,0.0,0.0,0.0,0.0
C,37.0,0.31997999622802825,0.21395072717971575,1.4686474435238779,0.9753185818135961,25.648559625603397,0.540277106369024,0.0,0.0,0.0
D,37.0,0.31997999622802825,0.21395072717971575,1.4928026719784384,0.9963995921909259,25.712224376633635,0.5,0.0,0.0,0.0
A,38.0,0.34308098278695254,0.2905409703036276,5.617945950196145,3.0982328173947593,42.56749746747364,0.0,0.0,0.0,1.0
B,38.0,0.34308098278695254,0.2905409703036276,1.7686681324716318,1.5591471950258295,25.31921111517289,0.0,0.0,0.0,1.0
C,38.0,0.34308098278695254,0.2905409703036276,1.5975587745198965,1.7291208354323402,25.262056195284316,0.8584878123623204,0.0,0.0,1.0
D,38.0,0.34308098278695254,0.2905409703036276,1.5166369102031183,1.5676309165065732,24.110734928743142,0.5,0.0,0.0,1.0
A,39.0,0.40619718558805096,0.2186300667231425,5.621526193048325,3.156151131331029,41.95945700895308,0.0,0.0,0.0,1.0
B,39.0,0.40619718558805096,0.2186300667231425,1.7647486015458185,1.6210635668033575,25.800741945219176,0.0,0.0,0.0,1.0
C,39.0,0.40619718558805096,0.2186300667231425,6.120511655804094,2.2783725044388348,37.14285474235988,0.8662684754596338,0.0,0.0,1.0
D,39.0,0.40619718558805096,0.2186300667231425,1.4715616847991413,1.6144468803603615,24.524284805997386,0.5,0.0,0.0,1.0
A,40.0,0.369483938299192,0.22365361027353597,5.589534794626346,3.0560149011177486,42.0941833945719,0.0,0.0,0.0,1.0
B,40.0,0.369483938299192,0.22365361027353597,1.7382243096542993,1.3379763797962312,25.48756263224601,0.0,0.0,0.0,1.0
C,40.0,0.369483938299192,0.22365361027353597,1.5705947159165987,1.5442649273464468,25.556121131801124,0.6993213121026242,0.0,0.0,1.0
D,40.0,0.369483938299192,0.22365361027353597,1.4827047812359666,1.4262149088115024,24.81220179693389,0.5,0.0,0.0,1.0
A,41.0,0.32562793475777996,0.26240959817593573,5.570465577333977,2.970511723986462,42.48394690525873,0.0,0.0,0.0,1.0
B,41.0,0.32562793475777996,0.26240959817593573,1.728186797252107,1.1872266444657242,25.09873967685138,0.0,0.0,0.0,1.0
C,41.0,0.32562793475777996,0.26240959817593573,1.538543037487429,1.4074301294375573,25.348967108353875,0.6761501317348627,0.0,0.0,1.0
D,41.0,0.32562793475777996,0.26240959817593573,1.5078486221754446,1.3153674430393636,24.7859221193132,0.5,0.0,0.0,1.0
A,42.0,0.30361392307628876,0.2555145920484052,5.5326932257260495,2.852255705927547,42.51128545365645,0.0,0.0,0.0,1.0
B,42.0,0.30361392307628876,0.2555145920484052,1.7032753455446823,0.8602324372831021,24.963642450670378,0.0,0.0,0.0,0.0
C,42.0,0.30361392307628876,0.2555145920484052,1.4599521365636008,1.1280165800202298,25.392026385368126,0.6916026758884658,0.0,0.0,1.0
D,42.0,0.30361392307628876,0.2555145920484052,1.507342828921864,1.093063733503925,25.188362989767906,0.5,0.0,0.0,1.0
A,43.0,0.360539432574032,0.28206882188083804,5.634468003581603,3.141518166231208,42.457720380704586,0.0,0.0,0.0,1.0
B,43.0,0.360539432574032,0.28206882188083804,1.7832574295577928,1.6453721584643688,25.516767081491544,0.0,0.0,0.0,1.0
C,43.0,0.360539432574032,0.28206882188083804,6.461737295443115,2.130897917786811,36.9580528045417,0.89443301781948,0.0,0.0,1.0
D,43.0,0.360539432574032,0.28206882188083804,1.5125804658828628,1.6307713921414688,24.137528311512007,0.5,0.0,0.0,1.0
A,44.0,0.24606706558993377,0.254779631735056,5.413348514678432,2.4665729426643423,42.83905573365759,0.0,0.0,0.0,1.0
B,44.0,0.24606706558993377,0.254779631735056,1.6494189039172085,-0.10906245799398562,25.04789891953421,0.0,1.0,0.0,0.0
C,44.0,0.24606706558993377,0.254779631735056,1.98781418839188,1.814696017941273,25.336416473728665,0.918850264580489,0.0,0.0,1.0
D,44.0,0.24606706558993377,0.254779631735056,1.5009299539750032,0.41490299677114706,25.726948973864047,0.5,0.0,0.0,0.0
A,45.0,0.40206539429591553,0.2868892799258725,5.681081734112723,3.2695411129373326,42.350932664792396,0.0,0.0,0.0,1.0
B,45.0,0.40206539429591553,0.2868892799258725,1.8404396867350385,1.936392908540455,26.039523963772083,0.0,0.0,0.0,1.0
C,45.0,0.40206539429591553,0.2868892799258725,7.1444536665008656,2.299950488466436,37.70546101381708,1.079818696887152,0.0,0.0,1.0
D,45.0,0.40206539429591553,0.2868892799258725,1.5146697137499103,1.8336553672202598,24.00172198017907,0.5,0.0,0.0,1.0
A,46.0,0.22682361055335087,0.2728732281290054,5.37594858449674,2.338221098875522,43.07556646976016,0.0,0.0,0.0,1.0
B,46.0,0.22682361055335087,0.2728732281290054,1.6192622950114384,-0.2958538736564691,24.729582531294735,0.0,1.0,0.0,0.0
C,46.0,0.22682361055335087,0.2728732281290054,1.99278647424903,1.8233776726161892,25.589328181527243,1.068198470302618,0.0,0.0,1.0
D,46.0,0.22682361055335087,0.2728732281290054,1.4859230556252214,0.24504950506850776,25.577285611822248,0.5,0.0,0.0,0.0
A,47.0,0.4123894476927381,0.2854490481397135,5.690537321832068,3.2920940764188487,42.31918609568888,0.0,0.0,0.0,1.0
B,47.0,0.4123894476927381,0.2854490481397135,1.8522816365265555,1.982658906172034,26.155997373948978,0.0,0.0,0.0,1.0
C,47.0,0.4123894476927381,0.2854490481397135,7.2566248986262,2.327543647307479,37.83793561500669,1.1153539833298063,0.0,0.0,1.0
D,47.0,0.4123894476927381,0.2854490481397135,1.5136722349092793,1.8672626539283783,23.995330983665124,0.5,0.0,0.0,1.0
A,48.0,0.2525626903486396,0.28752131257780517,5.45231462697177,2.608798528826796,43.05240473164237,0.0,0.0,0.0,1.0
B,48.0,0.2525626903486396,0.28752131257780517,1.6481916019685627,0.41108590048087024,24.57130622920445,0.0,0.0,0.0,0.0
C,48.0,0.2525626903486396,0.28752131257780517,2.6462741305035706,2.048171395826415,28.295302704680047,1.0238344889166622,0.0,0.0,1.0
D,48.0,0.2525626903486396,0.28752131257780517,1.497632687658637,0.7415266079775904,25.0663941460911,0.5,0.0,0.0,0.0
A,49.0,0.39486762669833997,0.2673270424217887,5.657498134313954,3.2150203033899345,42.26223973315928,0.0,0.0,0.0,1.0
B,49.0,0.39486762669833997,0.2673270424217887,1.8085047476032372,1.8043950201373065,25.891419982692646,0.0,0.0,0.0,1.0
C,49.0,0.39486762669833997,0.2673270424217887,6.7534405800569886,2.269634426604128,37.46257689818195,0.9727786764805145,0.0,0.0,1.0
D,49.0,0.39486762669833997,0.2673270424217887,1.5040510639269655,1.7408793748542024,24.181872509469752,0.5,0.0,0.0,1.0
A,50.0,0.3161576813711038,0.18803092039952243,5.474313433155373,2.7687737676360484,42.03803268261645,0.0,0.0,0.0,1.0
B,50.0,0.3161576813711038,0.18803092039952243,1.696727527234657,0.31373568962933973,25.727301919433632,0.0,0.0,0.0,0.0
C,50.0,0.3161576813711038,0.18803092039952243,1.3850186998421634,0.6950564015631784,25.878470048873993,0.6592455929174952,0.0,0.0,0.0
D,50.0,0.3161576813711038,0.18803092039952243,1.4850903072786679,0.7986016087706531,26.187741263250462,0.5,0.0,0.0,0.0
A,51.0,0.37796107111391514,0.2809224534748983,5.652586952427384,3.1923948965065136,42.399199186006484,0.0,0.0,0.0,1.0
B,51.0,0.37796107111391514,0.2809224534748983,1.8038095480362983,1.763844756223932,25.737815540661405,0.0,0.0,0.0,1.0
C,51.0,0.37796107111391514,0.2809224534748983,6.719762159820746,2.217962142337413,37.29741666027339,0.9595340983552537,0.0,0.0,1.0
D,51.0,0.37796107111391514,0.2809224534748983,1.5122229476469897,1.7147586229904874,24.107554996248496,0.5,0.0,0.0,1.0
A,52.0,0.2750970122801202,0.22923278438442193,5.4529325782753375,2.624188066348907,42.47381821734421,0.0,0.0,0.0,1.0
B,52.0,0.2750970122801202,0.22923278438442193,1.6790455464574023,0.12164724674100569,25.383356908329127,0.0,0.0,0.0,0.0
C,52.0,0.2750970122801202,0.22923278438442193,1.3287484120902633,0.498123208277093,25.553348151957774,0.700543088417207,0.0,0.0,0.0
D,52.0,0.2750970122801202,0.22923278438442193,1.506160223389088,0.6206962598355119,25.928625552282508,0.5,0.0,0.0,0.0
A,53.0,0.30900854316311005,0.2819287272678672,5.562984618130415,2.937788128110327,42.679097099370225,0.0,0.0,0.0,1.0
B,53.0,0.30900854316311005,0.2819287272678672,1.7194482419022137,1.1615084371115074,24.884950845366916,0.0,0.0,0.0,1.0
C,53.0,0.30900854316311005,0.2819287272678672,1.5011117111744596,1.384626401910225,25.237388368146117,0.7756807364190287,0.0,0.0,1.0
D,53.0,0.30900854316311005,0.2819287272678672,1.5122740422422254,1.287071740883647,24.626832910643124,0.5,0.0,0.0,1.0
A,54.0,0.23177805654817943,0.2551816326962418,5.378155264014822,2.336685935028953,42.91269775429909,0.0,0.0,0.0,1.0
B,54.0,0.23177805654817943,0.2551816326962418,1.6347991497928689,-0.4205068698985315,25.01915913578172,0.0,1.0,0.0,0.0
C,54.0,0.23177805654817943,0.2551816326962418,1.8432852768872152,1.5500717668199684,25.126885195767592,0.9776143045922494,0.0,0.0,1.0
D,54.0,0.23177805654817943,0.2551816326962418,1.494626753316524,0.1896538608023377,25.895295792190883,0.5,0.0,0.0,0.0
A,55.0,0.34195966341420736,0.16061230507125723,5.4762380806708535,2.8224392915513903,41.75763606800974,0.0,0.0,0.0,1.0
B,55.0,0.34195966341420736,0.16061230507125723,1.6944937117858245,0.4008237146947664,25.843102966775827,0.0,0.0,0.0,0.0
C,55.0,0.34195966341420736,0.16061230507125723,2.2517515795303638,2.2553992209931977,26.886935092104075,0.8413894333718005,0.0,0.0,1.0
D,55.0,0.34195966341420736,0.16061230507125723,1.48559254216741,0.9294895661451363,26.26792636290321,0.5,0.0,0.0,0.0
A,56.0,0.36209019638273415,0.15894928844796807,5.50407094503187,2.894422002236624,41.72337364433517,0.0,0.0,0.0,1.0
B,56.0,0.36209019638273415,0.15894928844796807,1.6958555071144588,0.6878405215871197,25.68974498862249,0.0,0.0,0.0,0.0
C,56.0,0.36209019638273415,0.15894928844796807,3.00132196063592,2.2647642614463876,30.941562443684816,0.9285636317390643,0.0,0.0,1.0
D,56.0,0.36209019638273415,0.15894928844796807,1.448020855174434,1.0461047724650143,26.032703969968054,0.5,0.0,0.0,1.0
A,57.0,0.36952659245243424,0.2257147724064233,5.591124434649203,3.0603914608970513,42.10351180631505,0.0,0.0,0.0,1.0
B,57.0,0.36952659245243424,0.2257147724064233,1.740073724559963,1.353302101360498,25.492537055696697,0.0,0.0,0.0,1.0
C,57.0,0.36952659245243424,0.2257147724064233,1.573244133117086,1.556765572325773,25.54188040926215,0.7049654594354301,0.0,0.0,1.0
D,57.0,0.36952659245243424,0.2257147724064233,1.4836832560417719,1.4358286517535106,24.762362028682418,0.5,0.0,0.0,1.0
A,58.0,0.4023880103930252,0.16568148755971565,5.557411698278756,3.036125347218203,41.65690488689302,0.0,0.0,0.0,1.0
B,58.0,0.4023880103930252,0.16568148755971565,1.7102975237348659,1.2425331872283607,25.615661206645726,0.0,0.0,0.0,1.0
C,58.0,0.4023880103930252,0.16568148755971565,7.078054381818362,2.088296322164993,38.45379734874621,1.0628260913332381,0.0,0.0,1.0
D,58.0,0.4023880103930252,0.16568148755971565,1.4367524262782325,1.3713565835691384,25.33649800860354,0.5,0.0,0.0,1.0
A,59.0,0.3855329176855776,0.16576313717829844,5.543979522695594,2.9880611851484247,41.691517102005385,0.0,0.0,0.0,1.0
B,59.0,0.3855329176855776,0.16576313717829844,1.7041241315405813,1.056681055617446,25.527825751375165,0.0,0.0,0.0,1.0
C,59.0,0.3855329176855776,0.16576313717829844,6.797148724075285,2.0018593957883866,38.15650713155113,0.9950791220291167,0.0,0.0,1.0
D,59.0,0.3855329176855776,0.16576313717829844,1.4415403637859328,1.257363538424272,25.603778251506682,0.5,0.0,0.0,1.0
A,60.0,0.290107515930392,0.2146321495737888,5.464623177105494,2.6855045612081767,42.30336950994555,0.0,0.0,0.0,1.0
B,60.0,0.290107515930392,0.2146321495737888,1.6886175193347697,0.2031841082229846,25.52699906260571,0.0,0.0,0.0,0.0
C,60.0,0.290107515930392,0.2146321495737888,1.3612431384042907,0.5814549498176405,25.694730313083188,0.6570413379832768,0.0,0.0,0.0
D,60.0,0.290107515930392,0.2146321495737888,1.502051580227132,0.6972980281435213,26.01509116768125,0.5,0.0,0.0,0.0
A,61.0,0.4094839195105415,0.23236395959550463,5.6377516421135,3.1891613705218447,42.026199741359385,0.0,0.0,0.0,1.0
B,61.0,0.4094839195105415,0.23236395959550463,1.7831119371865327,1.7200455040904359,25.881600647859855,0.0,0.0,0.0,1.0
C,61.0,0.4094839195105415,0.23236395959550463,6.26038094464343,2.2948163814650826,37.227416971292804,0.8913915164241846,0.0,0.0,1.0
D,61.0,0.4094839195105415,0.23236395959550463,1.4793783175147581,1.6797438466245325,24.386116845409532,0.5,0.0,0.0,1.0
A,62.0,0.273702001888819,0.18928121597427996,5.396862633038694,2.5210636756491738,42.17807165813455,0.0,0.0,0.0,1.0
B,62.0,0.273702001888819,0.18928121597427996,1.6892663960090744,-0.46247372113420226,25.92054381419143,0.0,1.0,0.0,0.0
C,62.0,0.273702001888819,0.18928121597427996,1.7993671440502226,1.4415311491179779,25.373093807119545,0.8240671285476042,0.0,0.0,1.0
D,62.0,0.273702001888819,0.18928121597427996,2.196575133116724,1.6867221770614123,26.15209507593358,0.5,0.0,0.0,1.0
A,63.0,0.39451871756656254,0.1871568511792884,5.5751906792774975,3.0610321001698537,41.79337918188393,0.0,0.0,0.0,1.0
B,63.0,0.39451871756656254,0.1871568511792884,1.724353249407315,1.3194017759154946,25.60980260905137,0.0,0.0,0.0,1.0
C,63.0,0.39451871756656254,0.1871568511792884,6.640453640673243,2.0919551987291527,37.858709759163006,0.9454474655490965,0.0,0.0,1.0
D,63.0,0.39451871756656254,0.1871568511792884,1.4537459012211968,1.4173854159492834,25.059060455924865,0.5,0.0,0.0,1.0
A,64.0,0.24791450352037442,0.19555165374181843,5.349619625656672,2.3288501074995764,42.369615389086846,0.0,0.0,0.0,1.0
B,64.0,0.24791450352037442,0.19555165374181843,1.6802458745375901,-0.9525664786154806,25.856090416643696,0.0,1.0,0.0,0.0
C,64.0,0.24791450352037442,0.19555165374181843,1.6752792782928054,1.100951046648703,25.197807285846867,0.9021353709512286,0.0,0.0,1.0
D,64.0,0.24791450352037442,0.19555165374181843,2.1714711321872926,1.4114030114369598,25.91539171848731,0.5,0.0,0.0,1.0
A,65.0,0.3365356284440447,0.23126976349208722,5.558344973112696,2.9518133377556666,42.232766377165916,0.0,0.0,0.0,1.0
B,65.0,0.3365356284440447,0.23126976349208722,1.7196742987041915,1.0475863308009963,25.209800352864328,0.0,0.0,0.0,1.0
C,65.0,0.3365356284440447,0.23126976349208722,1.5298693120544442,1.2943497070062335,25.525395156410248,0.5952215677445277,0.0,0.0,1.0
D,65.0,0.3365356284440447,0.23126976349208722,1.4949624208393288,1.23470263225677,25.22715284076356,0.5,0.0,0.0,1.0
A,66.0,0.3794644689752533,0.23212796794963136,5.608687805062615,3.105336089156239,42.113908369540475,0.0,0.0,0.0,1.0
B,66.0,0.3794644689752533,0.23212796794963136,1.7545811020670499,1.488771724083037,25.589285692337146,0.0,0.0,0.0,1.0
C,66.0,0.3794644689752533,0.23212796794963136,1.59457192222807,1.6715902740425719,25.516899817813574,0.7703697476995387,0.0,0.0,1.0
D,66.0,0.3794644689752533,0.23212796794963136,1.4855525898309452,1.5257712495326672,24.543500318346048,0.5,0.0,0.0,1.0
A,67.0,0.2793768731707924,0.21229326845631197,5.441192989903101,2.6135086091053523,42.336626938536064,0.0,0.0,0.0,1.0
B,67.0,0.2793768731707924,0.21229326845631197,1.6846465063872103,-0.018591316083018228,25.615024135207648,0.0,1.0,0.0,0.0
C,67.0,0.2793768731707924,0.21229326845631197,1.3140075888756968,0.3889539567776126,25.74423136928345,0.7093194334915826,0.0,0.0,0.0
D,67.0,0.2793768731707924,0.21229326845631197,1.5046642795079208,0.5534621642975424,26.166943791708867,0.5,0.0,0.0,0.0
A,68.0,0.3810792264264148,0.24100246854921487,5.618082565725885,3.1273347159323777,42.15626186065012,0.0,0.0,0.0,1.0
B,68.0,0.3810792264264148,0.24100246854921487,1.7647658174330445,1.5572947384525548,25.630476244328896,0.0,0.0,0.0,1.0
C,68.0,0.3810792264264148,0.24100246854921487,1.613334113155915,1.7370215831606401,25.497555914774836,0.8123267799025186,0.0,0.0,1.0
D,68.0,0.3810792264264148,0.24100246854921487,1.4894846848092271,1.571946592593136,24.445175823443904,0.5,0.0,0.0,1.0
A,69.0,0.4081429073979089,0.20644795285072193,5.609993305017014,3.137655379423407,41.884873046557836,0.0,0.0,0.0,1.0
B,69.0,0.4081429073979089,0.20644795285072193,1.753395899964275,1.5666729771104713,25.76982252889887,0.0,0.0,0.0,1.0
C,69.0,0.4081429073979089,0.20644795285072193,6.488244158933128,2.285454143892153,37.62799846645256,0.922779818188748,0.0,0.0,1.0
D,69.0,0.4081429073979089,0.20644795285072193,1.4631650102571996,1.5770162789902287,24.614661529607783,0.5,0.0,0.0,1.0
A,70.0,0.33010141002008714,0.2366234126968098,5.555361327947168,2.9360841953433123,42.29848629805951,0.0,0.0,0.0,1.0
B,70.0,0.33010141002008714,0.2366234126968098,1.716989131661748,1.0174801151625559,25.132523703865655,0.0,0.0,0.0,1.0
C,70.0,0.33010141002008714,0.2366234126968098,1.5241679910429013,1.2676621380804676,25.493340600321396,0.5908992908675877,0.0,0.0,1.0
D,70.0,0.33010141002008714,0.2366234126968098,1.4989435916037195,1.2131458470589536,25.21361993750248,0.5,0.0,0.0,1.0
A,71.0,0.38687191198881155,0.17635164353226987,5.554942460987931,3.0144470144275033,41.73759160384207,0.0,0.0,0.0,1.0
B,71.0,0.38687191198881155,0.17635164353226987,1.711763353552044,1.1574929968468837,25.544973585240143,0.0,0.0,0.0,1.0
C,71.0,0.38687191198881155,0.17635164353226987,6.69157523840326,1.9940108552002016,37.96406710786825,0.9580810738261667,0.0,0.0,1.0
D,71.0,0.38687191198881155,0.17635164353226987,1.4492138410047772,1.3198428773648914,25.41731338266871,0.5,0.0,0.0,1.0
A,72.0,0.3020499846556403,0.2790984844474127,5.5494472909613535,2.8974333267727133,42.682203925802256,0.0,0.0,0.0,1.0
B,72.0,0.3020499846556403,0.2790984844474127,1.7101377272479823,1.0572864326774294,24.7985772886935,0.0,0.0,0.0,1.0
C,72.0,0.3020499846556403,0.2790984844474127,1.4705850432956282,1.2927567932437967,25.24573153778581,0.7921939991670895,0.0,0.0,1.0
D,72.0,0.3020499846556403,0.2790984844474127,1.5115176115369877,1.2140796552270814,24.773649388651894,0.5,0.0,0.0,1.0
A,73.0,0.23226884260509517,0.26737172405639387,5.387936369568649,2.3765743591745405,43.00069309390109,0.0,0.0,0.0,1.0
B,73.0,0.23226884260509517,0.26737172405639387,1.6292261754874318,-0.2420902154223512,24.847806664011348,0.0,1.0,0.0,0.0
C,73.0,0.23226884260509517,0.26737172405639387,1.9936931040706298,1.8242450938364811,25.546408484185786,1.0244115258051947,0.0,0.0,1.0
D,73.0,0.23226884260509517,0.26737172405639387,1.4914877527200616,0.2950927882889971,25.65759874519164,0.5,0.0,0.0,0.0
A,74.0,0.30375373517527515,0.268325655621377,5.543438929604747,2.881404996286335,42.59371655774791,0.0,0.0,0.0,1.0
B,74.0,0.30375373517527515,0.268325655621377,1.7076727771505205,0.9823710941181361,24.82959060219509,0.0,0.0,0.0,0.0
C,74.0,0.30375373517527515,0.268325655621377,1.4695064326504763,1.2297018949827105,25.319108059188434,0.7422876817844074,0.0,0.0,1.0
D,74.0,0.30375373517527515,0.268325655621377,1.5106230285506257,1.1696880736946724,24.962410287417683,0.5,0.0,0.0,1.0
A,75.0,0.22591127567500002,0.20586220360271157,5.310202927164255,2.133435393315935,42.54082320422384,0.0,0.0,0.0,1.0
B,75.0,0.22591127567500002,0.20586220360271157,1.6637011213904458,-1.3567930383966171,25.698023913165237,0.0,1.0,0.0,0.0
C,75.0,0.22591127567500002,0.20586220360271157,1.5575213319449546,0.7407578287699295,24.942178769165764,0.9489060828891537,0.0,0.0,0.0
D,75.0,0.22591127567500002,0.20586220360271157,2.1314955359060406,1.1257962280530478,25.95534735662453,0.5,0.0,0.0,1.0
A,76.0,0.23909696713580283,0.2445113990596442,5.385728903858293,2.3761782736166452,42.77698235284376,0.0,0.0,0.0,1.0
B,76.0,0.23909696713580283,0.2445113990596442,1.6467797281762557,-0.4027958214773122,25.174283186403798,0.0,1.0,0.0,0.0
C,76.0,0.23909696713580283,0.2445113990596442,1.8047571771335242,1.4666171806049988,25.032865835916468,0.9056577276953655,0.0,0.0,1.0
D,76.0,0.23909696713580283,0.2445113990596442,1.5008525877165937,0.22731091386513924,26.02696820806839,0.5,0.0,0.0,0.0
A,77.0,0.27657902693111497,0.2512364382966753,5.479383843951794,2.6866460189193617,42.62947432520727,0.0,0.0,0.0,1.0
B,77.0,0.27657902693111497,0.2512364382966753,1.677669586957336,0.4134890579914554,25.059713453205244,0.0,0.0,0.0,0.0
C,77.0,0.27657902693111497,0.2512364382966753,1.3475722030161563,0.7396628411968607,25.37276005790293,0.7826296454622413,0.0,0.0,0.0
D,77.0,0.27657902693111497,0.2512364382966753,1.50738843581685,0.7905544006923151,25.51483674563647,0.5,0.0,0.0,0.0
A,78.0,0.40520987397288144,0.1738442185439117,5.5713234903119115,3.0631664986117784,41.7061827771108,0.0,0.0,0.0,1.0
B,78.0,0.40520987397288144,0.1738442185439117,1.7191552720819914,1.3305301650874242,25.65207937334936,0.0,0.0,0.0,1.0
C,78.0,0.40520987397288144,0.1738442185439117,7.011828200596696,2.1125647111879857,38.3316175185012,1.041462621715879,0.0,0.0,1.0
D,78.0,0.40520987397288144,0.1738442185439117,1.440758146726722,1.4233659923169597,25.098399168058506,0.5,0.0,0.0,1.0
A,79.0,0.3900374327169487,0.1647919819750855,5.54760479878027,2.9996226905705328,41.68179068075939,0.0,0.0,0.0,1.0
B,79.0,0.3900374327169487,0.1647919819750855,1.7050573308055732,1.0996349345590772,25.546728073571717,0.0,0.0,0.0,1.0
C,79.0,0.3900374327169487,0.1647919819750855,6.896536508167671,2.02568791329702,38.26133759466227,1.0169818029674529,0.0,0.0,1.0
D,79.0,0.3900374327169487,0.1647919819750855,1.4401330019729386,1.2861305924007667,25.561211132350024,0.5,0.0,0.0,1.0
A,80.0,0.29710793759569076,0.2145616338224007,5.479119449095947,2.7267408360061154,42.26852136391565,0.0,0.0,0.0,1.0
B,80.0,0.29710793759569076,0.2145616338224007,1.6921154747399072,0.3207368938331001,25.491068927942692,0.0,0.0,0.0,0.0
C,80.0,0.29710793759569076,0.2145616338224007,1.387223056650143,0.6836044562877817,25.66108216429012,0.6293217143276342,0.0,0.0,0.0
D,80.0,0.29710793759569076,0.2145616338224007,1.5002177697837737,0.7740816370101413,25.939271993433678,0.5,0.0,0.0,0.0
A,81.0,0.31785911299202513,0.2880365360682044,5.581864862088082,2.991675226399366,42.6846914074796,0.0,0.0,0.0,1.0
B,81.0,0.31785911299202513,0.2880365360682044,1.7330968935440296,1.3065481970403425,25.00074066187624,0.0,0.0,0.0,1.0
C,81.0,0.31785911299202513,0.2880365360682044,1.5415261993125995,1.5076047946987643,25.204664887604782,0.7647096923047171,0.0,0.0,1.0
D,81.0,0.31785911299202513,0.2880365360682044,1.5144494998384914,1.3870131788548008,24.361044328831547,0.5,0.0,0.0,1.0
A,82.0,0.37293270811555107,0.19831042954946868,5.566488365962783,3.018448636954858,41.932503197523644,0.0,0.0,0.0,1.0
B,82.0,0.37293270811555107,0.19831042954946868,1.7209613151177052,1.1795598277966803,25.474116932925764,0.0,0.0,0.0,1.0
C,82.0,0.37293270811555107,0.19831042954946868,5.7547945618080405,2.045964687308924,36.70200427046971,0.8144891142643296,0.0,0.0,1.0
D,82.0,0.37293270811555107,0.19831042954946868,1.467735555346934,1.3303805433832139,25.261541435761046,0.5,0.0,0.0,1.0
A,83.0,0.2758086628161536,0.27280335544304435,5.494128187611707,2.7335705574305535,42.78485783681054,0.0,0.0,0.0,1.0
B,83.0,0.2758086628161536,0.27280335544304435,1.677403382925391,0.6374035471311856,24.775847338072317,0.0,0.0,0.0,0.0
C,83.0,0.2758086628161536,0.27280335544304435,2.63360639008998,2.1394951156571125,28.35915946766598,0.8719787705075629,0.0,0.0,1.0
D,83.0,0.2758086628161536,0.27280335544304435,1.507959011256716,0.9228585948937393,25.142560660551883,0.5,0.0,0.0,0.0
A,84.0,0.39321097716563647,0.22543895434506594,5.61532390564102,3.13324884628004,42.01871461247117,0.0,0.0,0.0,1.0
B,84.0,0.39321097716563647,0.22543895434506594,1.7598994334306326,1.560173465304672,25.693936752293485,0.0,0.0,0.0,1.0
C,84.0,0.39321097716563647,0.22543895434506594,1.612733006578992,1.7384978162910443,25.540791965530293,0.7985997260428096,0.0,0.0,1.0
D,84.0,0.39321097716563647,0.22543895434506594,1.478130905513197,1.5740384394299696,24.526124254298214,0.5,0.0,0.0,1.0
A,85.0,0.29010478034476644,0.29051689159282734,5.5363721112695,2.860415627661851,42.85629900422833,0.0,0.0,0.0,1.0
B,85.0,0.29010478034476644,0.29051689159282734,1.6986060208238456,1.0082304165374865,24.602230828455475,0.0,0.0,0.0,1.0
C,85.0,0.29010478034476644,0.29051689159282734,3.295736278121254,2.0599505165149594,31.197817729708,0.8856484449922436,0.0,0.0,1.0
D,85.0,0.29010478034476644,0.29051689159282734,1.5104330966125303,1.1712763890474065,24.682452020498744,0.5,0.0,0.0,1.0
A,86.0,0.28466116071059844,0.18135654372773,5.406632033437063,2.577041942712569,42.095130852079336,0.0,0.0,0.0,1.0
B,86.0,0.28466116071059844,0.18135654372773,1.6937732756276205,-0.35344067763735154,25.99456535135982,0.0,1.0,0.0,0.0
C,86.0,0.28466116071059844,0.18135654372773,1.2785129384117369,0.18235747572902028,26.07782914510496,0.8119291822466863,0.0,0.0,0.0
D,86.0,0.28466116071059844,0.18135654372773,2.224444885665477,1.7919018787056586,26.359420727428194,0.5,0.0,0.0,1.0
A,87.0,0.3929788392903814,0.26597787750615254,5.655329306519306,3.2073637128474957,42.259502717796366,0.0,0.0,0.0,1.0
B,87.0,0.3929788392903814,0.26597787750615254,1.804743556660597,1.7853879577051686,25.862465899915208,0.0,0.0,0.0,1.0
C,87.0,0.3929788392903814,0.26597787750615254,6.694255037578671,2.26137109177904,37.414949548148904,0.9598268671861357,0.0,0.0,1.0
D,87.0,0.3929788392903814,0.26597787750615254,1.5028655858059636,1.7275689182854563,24.19421199958363,0.5,0.0,0.0,1.0
A,88.0,0.3522347658696995,0.28561079211095675,5.624944038126756,3.120668108367198,42.50271598739829,0.0,0.0,0.0,1.0
B,88.0,0.3522347658696995,0.28561079211095675,1.776792127619899,1.6029359029667347,25.432035986781674,0.0,0.0,0.0,1.0
C,88.0,0.3522347658696995,0.28561079211095675,1.6180568910249207,1.7765535294702204,25.322396267094362,0.8753822319226249,0.0,0.0,1.0
D,88.0,0.3522347658696995,0.28561079211095675,1.5140898071452256,1.5991362304503838,24.124627376007098,0.5,0.0,0.0,1.0
A,89.0,0.40173719882516845,0.25736459884375573,5.65708703768199,3.215692495345081,42.1834194111704,0.0,0.0,0.0,1.0
B,89.0,0.40173719882516845,0.25736459884375573,1.8043411746307925,1.7976978688313352,25.9161204333288,0.0,0.0,0.0,1.0
C,89.0,0.40173719882516845,0.25736459884375573,6.688756726068064,2.2854668844502584,37.49912587400129,0.9604071906756967,0.0,0.0,1.0
D,89.0,0.40173719882516845,0.25736459884375573,1.4963461458078342,1.7342092896161319,24.22020759996397,0.5,0.0,0.0,1.0
A,90.0,0.3892546706331541,0.19001652189929125,5.576272608214879,3.0525416489626167,41.82880909505582,0.0,0.0,0.0,1.0
B,90.0,0.3892546706331541,0.19001652189929125,1.7240383313579173,1.2874467113627617,25.584457973206085,0.0,0.0,0.0,1.0
C,90.0,0.3892546706331541,0.19001652189929125,6.489138172149325,2.054192865795514,37.66770119794908,0.9129525949354514,0.0,0.0,1.0
D,90.0,0.3892546706331541,0.19001652189929125,1.456969907136326,1.3974312960983184,25.11203310464212,0.5,0.0,0.0,1.0
A,91.0,0.25111933892499805,0.2468563125479274,5.421063044416343,2.489207039376325,42.76486475871648,0.0,0.0,0.0,1.0
B,91.0,0.25111933892499805,0.2468563125479274,1.6564761157492,-0.10978926089303798,25.164994247203534,0.0,1.0,0.0,0.0
C,91.0,0.25111933892499805,0.2468563125479274,1.920286817758921,1.7040288550537923,25.157306850378205,0.8669478944917174,0.0,0.0,1.0
D,91.0,0.25111933892499805,0.2468563125479274,1.5042654057103846,0.4306481649984022,25.848243832106796,0.5,0.0,0.0,0.0
A,92.0,0.36120675903771254,0.17925191362833737,5.528662243895809,2.937004180840262,41.8457022308108,0.0,0.0,0.0,1.0
B,92.0,0.36120675903771254,0.17925191362833737,1.7050073059611748,0.8767012276064037,25.492016545905276,0.0,0.0,0.0,0.0
C,92.0,0.36120675903771254,0.17925191362833737,3.01873818777311,2.240507855208236,30.83165296632332,0.8438193816375007,0.0,0.0,1.0
D,92.0,0.36120675903771254,0.17925191362833737,1.4599789881789178,1.1474912310421246,25.734245338193876,0.5,0.0,0.0,1.0
A,93.0,0.2999469964361362,0.2791383749794378,5.545154701388526,2.886893646014798,42.69651124004585,0.0,0.0,0.0,1.0
B,93.0,0.2999469964361362,0.2791383749794378,1.7066472232961445,1.0315944614025199,24.760589197518726,0.0,0.0,0.0,1.0
C,93.0,0.2999469964361362,0.2791383749794378,1.461902136291343,1.2702187619392475,25.235178422649117,0.8007655141732063,0.0,0.0,1.0
D,93.0,0.2999469964361362,0.2791383749794378,1.5112491035553148,1.1960349646715684,24.80456203200832,0.5,0.0,0.0,1.0
A,94.0,0.3317889473696428,0.23452834696609104,5.553317304489184,2.9380437306298006,42.27070494924305,0.0,0.0,0.0,1.0
B,94.0,0.3317889473696428,0.23452834696609104,1.7172487132787069,1.0187676079354588,25.146114835990762,0.0,0.0,0.0,1.0
C,94.0,0.3317889473696428,0.23452834696609104,1.5252498507741876,1.2698504232190544,25.515001023788656,0.5892691773429354,0.0,0.0,1.0
D,94.0,0.3317889473696428,0.23452834696609104,1.4977285633143964,1.215151993194965,25.226723756019325,0.5,0.0,0.0,1.0
A,95.0,0.26127291639503236,0.22749739021424242,5.421573260192645,2.5197670988102487,42.54502013936649,0.0,0.0,0.0,1.0
B,95.0,0.26127291639503236,0.22749739021424242,1.6713423202235873,-0.16378151016112952,25.451737173260046,0.0,1.0,0.0,0.0
C,95.0,0.26127291639503236,0.22749739021424242,1.269889969330663,0.24455423337664683,25.58803977644535,0.7488978952768403,0.0,0.0,0.0
D,95.0,0.26127291639503236,0.22749739021424242,1.5068206800847719,0.4276378055090362,26.1043020729939,0.5,0.0,0.0,0.0
A,96.0,0.3244994676598246,0.16875295004909896,5.460403332948161,2.766231267940441,41.854037684589514,0.0,0.0,0.0,1.0
B,96.0,0.3244994676598246,0.16875295004909896,1.6961098590124095,0.21315634955851692,25.913038816359457,0.0,0.0,0.0,0.0
C,96.0,0.3244994676598246,0.16875295004909896,1.3577619767031024,0.6359982664006765,26.07092006958004,0.7389860704429027,0.0,0.0,0.0
D,96.0,0.3244994676598246,0.16875295004909896,2.1802906021793262,1.9835630388860466,26.450334789978946,0.5,0.0,0.0,1.0
A,97.0,0.41253299708032765,0.23359556870125608,5.641968781754798,3.1994055660780276,42.02644856229533,0.0,0.0,0.0,1.0
B,97.0,0.41253299708032765,0.23359556870125608,1.787758391516718,1.7474933516649287,25.920555032443396,0.0,0.0,0.0,1.0
C,97.0,0.41253299708032765,0.23359556870125608,6.371532884799137,2.3053449730098095,37.36210302437314,0.9085142631263349,0.0,0.0,1.0
D,97.0,0.41253299708032765,0.23359556870125608,1.4796423168964452,1.6974766671063009,24.36278785683363,0.5,0.0,0.0,1.0
A,98.0,0.22523050547154752,0.26064405264469226,5.365016487188328,2.285522511610992,43.01044055811369,0.0,0.0,0.0,1.0
B,98.0,0.22523050547154752,0.26064405264469226,1.6243118912088903,-0.5020189516199451,24.89632759662084,0.0,1.0,0.0,0.0
C,98.0,0.22523050547154752,0.26064405264469226,1.813864922374762,1.499683853421942,25.049592892236586,1.025654188692579,0.0,0.0,1.0
D,98.0,0.22523050547154752,0.26064405264469226,1.4890519411283805,0.11943943832432069,25.87224000583333,0.5,0.0,0.0,0.0
A,99.0,0.411827017057308,0.23607853180633576,5.6474348870435165,3.2028251409113864,42.059717062119354,0.0,0.0,0.0,1.0
B,99.0,0.411827017057308,0.23607853180633576,1.78965644058367,1.7555316199035076,25.921308265445976,0.0,0.0,0.0,1.0
C,99.0,0.411827017057308,0.23607853180633576,6.419442852773116,2.3045961990750072,37.39255505216114,0.915622195454575,0.0,0.0,1.0
D,99.0,0.411827017057308,0.23607853180633576,1.4813952462403819,1.7028220318641587,24.346131862724032,0.5,0.0,0.0,1.0
F,0,0.34629664396571924,0.19305933432986416,0.30181261837451245,-3.725643144707874,0.7927292506023179,0.0,1,0,0
F,1,0.23186691659574937,0.1590213142150343,0.30181261837451245,-7.266749468753048,0.7927292506023179,0.0,1,0,0
F,2,0.3801478859264523,0.2794743495861258,0.30181261837451245,-1.4051311549371661,0.7927292506023179,0.0,1,0,0
F,3,0.34047406894729854,0.2548443377962494,0.30181261837451245,-2.3513656486197476,0.7927292506023179,0.0,1,0,0
F,4,0.3283759983613612,0.2824737337570761,0.30181261837451245,-1.946494669814257,0.7927292506023179,0.0,1,0,0
F,5,0.3806438823913342,0.1571680544228679,0.30181261837451245,-4.063920785375657,0.7927292506023179,0.0,1,0,0
F,6,0.38862162110481335,0.16131390132105441,0.30181261837451245,-3.7995405545570407,0.7927292506023179,0.0,1,0,0
F,7,0.3640938457145493,0.18040811540898394,0.30181261837451245,-3.7457884197911966,0.7927292506023179,0.0,1,0,0
F,8,0.38973035309117826,0.22957238800147794,0.30181261837451245,-2.2100877499121054,0.7927292506023179,0.0,1,0,0
F,9,0.28154468298317786,0.2136091625289653,0.30181261837451245,-4.29220936216079,0.7927292506023179,0.0,1,0,0
F,10,0.22943737685992888,0.1735036723615414,0.30181261837451245,-6.738638084131608,0.7927292506023179,0.0,1,0,0
F,11,0.35275988762117705,0.2437822703555792,0.30181261837451245,-2.418910076975891,0.7927292506023179,0.0,1,0,0
F,12,0.34215394140440075,0.20836626329279714,0.30181261837451245,-3.3985716018562613,0.7927292506023179,0.0,1,0,0
F,13,0.41546430767152853,0.2886242695315253,0.30181261837451245,-0.8989952298449282,0.7927292506023179,0.0,1,0,0
F,14,0.3556240610202934,0.24422172673039452,0.30181261837451245,-2.37068980311048,0.7927292506023179,0.0,1,0,0
F,15,0.3561817722696205,0.20907103938279153,0.30181261837451245,-3.1544408941970232,0.7927292506023179,0.0,1,0,0
F,16,0.24993852896430294,0.2537680329220846,0.30181261837451245,-3.731179708908286,0.7927292506023179,0.0,1,0,0
F,17,0.32486802991533936,0.19849650807512365,0.30181261837451245,-3.95476852698566,0.7927292506023179,0.0,1,0,0
F,18,0.31728038889570354,0.27634716493650563,0.30181261837451245,-2.20740540624665,0.7927292506023179,0.0,1,0,0
F,19,0.4033363550636,0.20488767443769904,0.30181261837451245,-2.525731190812877,0.7927292506023179,0.0,1,0,0
F,20,0.3337337275001141,0.20005924616060664,0.30181261837451245,-3.757234640463892,0.7927292506023179,0.0,1,0,0
F,21,0.3381056057983418,0.2022152687081587,0.30181261837451245,-3.624846140714908,0.7927292506023179,0.0,1,0,0
F,22,0.29919084810140695,0.2764528729094441,0.30181261837451245,-2.4421032550568214,0.7927292506023179,0.0,1,0,0
F,23,0.2676142579584089,0.24055635224580413,0.30181261837451245,-3.7801975565216566,0.7927292506023179,0.0,1,0,0
F,24,0.24013094596781787,0.2687073734446167,0.30181261837451245,-3.517927479671215,0.7927292506023179,0.0,1,0,0
F,25,0.37512287503782726,0.18897125313825278,0.30181261837451245,-3.3344334622380387,0.7927292506023179,0.0,1,0,0
F,26,0.3922849723156552,0.16467154387781813,0.30181261837451245,-3.644005395737139,0.7927292506023179,0.0,1,0,0
F,27,0.2885344756247668,0.17699756035066638,0.30181261837451245,-5.307120506778276,0.7927292506023179,0.0,1,0,0
F,28,0.3104651583966631,0.26382598192661233,0.30181261837451245,-2.5635311343956744,0.7927292506023179,0.0,1,0,0
F,29,0.2682833041267995,0.16379166286305666,0.30181261837451245,-6.214560528353189,0.7927292506023179,0.0,1,0,0
F,30,0.30167395324573343,0.18348015318204391,0.30181261837451245,-4.831710183844152,0.7927292506023179,0.0,1,0,0
F,31,0.24142458475887138,0.23479667267663273,0.30181261837451245,-4.408887446429134,0.7927292506023179,0.0,1,0,0
F,32,0.28134965750123314,0.2471161115973347,0.30181261837451245,-3.3855388522987226,0.7927292506023179,0.0,1,0,0
F,33,0.26230696524189695,0.2834200020520733,0.30181261837451245,-2.8090881126017564,0.7927292506023179,0.0,1,0,0
F,34,0.2941011523030071,0.17097856557423885,0.30181261837451245,-5.395910303643532,0.7927292506023179,0.0,1,0,0
F,35,0.3447887650956242,0.2814095719323214,0.30181261837451245,-1.7703539378577062,0.7927292506023179,0.0,1,0,0
F,36,0.3085524137054305,0.2850969623520351,0.30181261837451245,-2.140016600738022,0.7927292506023179,0.0,1,0,0
F,37,0.31997999622802825,0.21395072717971575,0.30181261837451245,-3.621009228406251,0.7927292506023179,0.0,1,0,0
F,38,0.34308098278695254,0.2905409703036276,0.30181261837451245,-1.622257697147063,0.7927292506023179,0.0,1,0,0
F,39,0.40619718558805096,0.2186300667231425,0.30181261837451245,-2.2045564515783553,0.7927292506023179,0.0,1,0,0
F,40,0.369483938299192,0.22365361027353597,0.30181261837451245,-2.6168647613982614,0.7927292506023179,0.0,1,0,0
F,41,0.32562793475777996,0.26240959817593573,0.30181261837451245,-2.3892729200581613,0.7927292506023179,0.0,1,0,0
F,42,0.30361392307628876,0.2555145920484052,0.30181261837451245,-2.8472085588098253,0.7927292506023179,0.0,1,0,0
F,43,0.360539432574032,0.28206882188083804,0.30181261837451245,-1.5773438106378137,0.7927292506023179,0.0,1,0,0
F,44,0.24606706558993377,0.254779631735056,0.30181261837451245,-3.771879877690111,0.7927292506023179,0.0,1,0,0
F,45,0.40206539429591553,0.2868892799258725,0.30181261837451245,-1.0558811506843142,0.7927292506023179,0.0,1,0,0
F,46,0.22682361055335087,0.2728732281290054,0.30181261837451245,-3.6522867650423336,0.7927292506023179,0.0,1,0,0
F,47,0.4123894476927381,0.2854490481397135,0.30181261837451245,-0.9761121216539124,0.7927292506023179,0.0,1,0,0
F,48,0.2525626903486396,0.28752131257780517,0.30181261837451245,-2.8648102686274655,0.7927292506023179,0.0,1,0,0
F,49,0.39486762669833997,0.2673270424217887,0.30181261837451245,-1.4498109589802795,0.7927292506023179,0.0,1,0,0
F,50,0.3161576813711038,0.18803092039952243,0.30181261837451245,-4.4145202809608435,0.7927292506023179,0.0,1,0,0
F,51,0.37796107111391514,0.2809224534748983,0.30181261837451245,-1.40425626681008,0.7927292506023179,0.0,1,0,0
F,52,0.2750970122801202,0.22923278438442193,0.30181261837451245,-3.9613485853564043,0.7927292506023179,0.0,1,0,0
F,53,0.30900854316311005,0.2819287272678672,0.30181261837451245,-2.1987688590739225,0.7927292506023179,0.0,1,0,0
F,54,0.23177805654817943,0.2551816326962418,0.30181261837451245,-4.0214374895889335,0.7927292506023179,0.0,1,0,0
F,55,0.34195966341420736,0.16061230507125723,0.30181261837451245,-4.740392206199189,0.7927292506023179,0.0,1,0,0
F,56,0.36209019638273415,0.15894928844796807,0.30181261837451245,-4.3804152563101155,0.7927292506023179,0.0,1,0,0
F,57,0.36952659245243424,0.2257147724064233,0.30181261837451245,-2.5714797262767064,0.7927292506023179,0.0,1,0,0
F,58,0.4023880103930252,0.16568148755971565,0.30181261837451245,-3.436236174717365,0.7927292506023179,0.0,1,0,0
F,59,0.3855329176855776,0.16576313717829844,0.30181261837451245,-3.739993431504118,0.7927292506023179,0.0,1,0,0
F,60,0.290107515930392,0.2146321495737888,0.30181261837451245,-4.110821764905339,0.7927292506023179,0.0,1,0,0
F,61,0.4094839195105415,0.23236395959550463,0.30181261837451245,-1.898073321898778,0.7927292506023179,0.0,1,0,0
F,62,0.273702001888819,0.18928121597427996,0.30181261837451245,-5.197194446315834,0.7927292506023179,0.0,1,0,0
F,63,0.39451871756656254,0.1871568511792884,0.30181261837451245,-3.055425925124453,0.7927292506023179,0.0,1,0,0
F,64,0.24791450352037442,0.19555165374181843,0.30181261837451245,-5.514677543294198,0.7927292506023179,0.0,1,0,0
F,65,0.3365356284440447,0.23126976349208722,0.30181261837451245,-2.9296025757622743,0.7927292506023179,0.0,1,0,0
F,66,0.3794644689752533,0.23212796794963136,0.30181261837451245,-2.2976462347033504,0.7927292506023179,0.0,1,0,0
F,67,0.2793768731707924,0.21229326845631197,0.30181261837451245,-4.36993085184119,0.7927292506023179,0.0,1,0,0
F,68,0.3810792264264148,0.24100246854921487,0.30181261837451245,-2.098091906364999,0.7927292506023179,0.0,1,0,0
F,69,0.4081429073979089,0.20644795285072193,0.30181261837451245,-2.423185557946937,0.7927292506023179,0.0,1,0,0
F,70,0.33010141002008714,0.2366234126968098,0.30181261837451245,-2.900198642929155,0.7927292506023179,0.0,1,0,0
F,71,0.38687191198881155,0.17635164353226987,0.30181261837451245,-3.4455586312090816,0.7927292506023179,0.0,1,0,0
F,72,0.3020499846556403,0.2790984844474127,0.30181261837451245,-2.3480970500115035,0.7927292506023179,0.0,1,0,0
F,73,0.23226884260509517,0.26737172405639387,0.30181261837451245,-3.6916258719442823,0.7927292506023179,0.0,1,0,0
F,74,0.30375373517527515,0.268325655621377,0.30181261837451245,-2.556676433262041,0.7927292506023179,0.0,1,0,0
F,75,0.22591127567500002,0.20586220360271157,0.30181261837451245,-5.636636856674642,0.7927292506023179,0.0,1,0,0
F,76,0.23909696713580283,0.2445113990596442,0.30181261837451245,-4.176824038592926,0.7927292506023179,0.0,1,0,0
F,77,0.27657902693111497,0.2512364382966753,0.30181261837451245,-3.3569675208602803,0.7927292506023179,0.0,1,0,0
F,78,0.40520987397288144,0.1738442185439117,0.30181261837451245,-3.189482217059208,0.7927292506023179,0.0,1,0,0
F,79,0.3900374327169487,0.1647919819750855,0.30181261837451245,-3.6820963241789855,0.7927292506023179,0.0,1,0,0
F,80,0.29710793759569076,0.2145616338224007,0.30181261837451245,-3.9912743827016044,0.7927292506023179,0.0,1,0,0
F,81,0.31785911299202513,0.2880365360682044,0.30181261837451245,-1.9659493255438605,0.7927292506023179,0.0,1,0,0
F,82,0.37293270811555107,0.19831042954946868,0.30181261837451245,-3.1433069670188445,0.7927292506023179,0.0,1,0,0
F,83,0.2758086628161536,0.27280335544304435,0.30181261837451245,-2.850908839623969,0.7927292506023179,0.0,1,0,0
F,84,0.39321097716563647,0.22543895434506594,0.30181261837451245,-2.246011269208765,0.7927292506023179,0.0,1,0,0
F,85,0.29010478034476644,0.29051689159282734,0.30181261837451245,-2.2662020701669547,0.7927292506023179,0.0,1,0,0
F,86,0.28466116071059844,0.18135654372773,0.30181261837451245,-5.239826952281078,0.7927292506023179,0.0,1,0,0
F,87,0.3929788392903814,0.26597787750615254,0.30181261837451245,-1.4939643330524177,0.7927292506023179,0.0,1,0,0
F,88,0.3522347658696995,0.28561079211095675,0.30181261837451245,-1.6077235674692218,0.7927292506023179,0.0,1,0,0
F,89,0.40173719882516845,0.25736459884375573,0.30181261837451245,-1.5434161258243364,0.7927292506023179,0.0,1,0,0
F,90,0.3892546706331541,0.19001652189929125,0.30181261837451245,-3.074512296027308,0.7927292506023179,0.0,1,0,0
F,91,0.25111933892499805,0.2468563125479274,0.30181261837451245,-3.8944079008169297,0.7927292506023179,0.0,1,0,0
F,92,0.36120675903771254,0.17925191362833737,0.30181261837451245,-3.8290557253437214,0.7927292506023179,0.0,1,0,0
F,93,0.2999469964361362,0.2791383749794378,0.30181261837451245,-2.374968650094715,0.7927292506023179,0.0,1,0,0
F,94,0.3317889473696428,0.23452834696609104,0.30181261837451245,-2.9239774065282944,0.7927292506023179,0.0,1,0,0
F,95,0.26127291639503236,0.22749739021424242,0.30181261837451245,-4.253307091196177,0.7927292506023179,0.0,1,0,0
F,96,0.3244994676598246,0.16875295004909896,0.30181261837451245,-4.843114360177438,0.7927292506023179,0.0,1,0,0
F,97,0.41253299708032765,0.23359556870125608,0.30181261837451245,-1.8367085750730183,0.7927292506023179,0.0,1,0,0
F,98,0.22523050547154752,0.26064405264469226,0.30181261837451245,-4.0000143553972265,0.7927292506023179,0.0,1,0,0
F,99,0.411827017057308,0.23607853180633576,0.30181261837451245,-1.8000387943588265,0.7927292506023179,0.0,1,0,0
